RANK THIS WEEK,RANK LAST WEEK,PLAYER NAME,EVENTS,AVG POINTS,TOTAL POINTS,POINTS LOST,POINTS GAINED,COUNTRY,OWGR
1,1,Jon Rahm,49,10.85,531.59,-278.15,340.59,,1
2,2,Dustin Johnson,43,8.97,385.55,-268.61,147.35,,2
3,3,Collin Morikawa,52,8.37,435.38,-159.25,315.33,,3
4,4,Patrick Cantlay,43,7.6,326.91,-164.8,242.87,,4
5,5,Xander Schauffele,48,7.6,364.75,-197.52,238.03,,5
6,6,Justin Thomas,52,7.21,374.68,-248.76,201.45,,6
7,7,Bryson DeChambeau,50,6.95,347.72,-189.77,203.73,,7
8,8,Louis Oosthuizen,47,6.11,286.94,-117.27,218.99,,8
9,9,Tony Finau,52,5.91,307.52,-150.76,248.29,,9
10,10,Brooks Koepka,42,5.8,243.57,-185.87,205.49,,10
11,11,Harris English,52,5.72,297.24,-93.83,222.04,,11
12,12,Abraham Ancer,52,5.62,292.49,-115.76,221.2,,12
13,13,Rory McIlroy,50,5.56,278.12,-229.23,185.88,,13
14,15,Viktor Hovland,52,5.51,286.45,-107.42,199.53,,14
15,14,Jordan Spieth,49,5.4,264.79,-72.19,259.66,,15
16,18,Daniel Berger,46,5.2,239.37,-110.14,147.15,,16
17,16,Tyrrell Hatton,45,5.2,234.08,-157.63,102.98,,17
18,17,Hideki Matsuyama,52,5.1,265.4,-136.87,189.49,,18
19,19,Patrick Reed,52,5.05,262.41,-190.81,153.11,,19
20,20,Webb Simpson,42,4.82,202.33,-173.49,88.07,,20
21,21,Scottie Scheffler,52,4.81,249.9,-98.47,188.91,,21
22,22,Paul Casey,50,4.46,223.14,-130.63,182.43,,22
23,23,Cameron Smith,51,4.39,223.87,-90.06,147.46,,23
24,30,Kevin Na,52,4.25,220.96,-98.9,188.89,,24
25,25,Sam Burns,49,4.09,200.23,-40.2,188.52,,25
26,24,Matthew Fitzpatrick,52,4.07,211.77,-137.61,111.75,,26
27,26,Jason Kokrak,52,4.03,209.72,-94.34,136.05,,27
28,28,Billy Horschel,52,3.86,200.5,-97.4,157.57,,28
29,27,Sungjae Im,52,3.85,200.45,-132.22,118.52,,29
30,29,Joaquin Niemann,52,3.63,188.6,-90.15,149.87,,30
31,31,Will Zalatoris,50,3.28,163.97,-49.86,132.02,,31
32,33,Corey Conners,52,3.23,168.08,-75.2,131.8,,32
33,32,Lee Westwood,52,3.15,163.64,-82.22,112.95,,33
34,35,Phil Mickelson,47,3.11,146.1,-52.39,118.64,,34
35,34,Kevin Kisner,52,3.07,159.54,-102.36,83.39,,35
36,36,Ryan Palmer,47,2.98,140.02,-80.24,85.6,,36
37,38,Tommy Fleetwood,52,2.95,153.41,-142.61,77.8,,37
38,39,Marc Leishman,49,2.73,133.89,-100.15,85.83,,38
39,37,Adam Scott,40,2.72,108.95,-113.2,59.63,,39
40,40,Shane Lowry,52,2.68,139.28,-114.81,104.91,,40
41,48,Sergio Garcia,52,2.62,136.19,-80.98,96.12,,41
42,41,Max Homa,52,2.62,136.16,-65.38,126.86,,42
43,42,Brian Harman,52,2.59,134.43,-54.71,110.12,,43
44,50,Christiaan Bezuidenhout,52,2.56,133.18,-83.82,60.84,,44
45,45,Justin Rose,45,2.52,113.35,-105.21,75.08,,45
46,46,Stewart Cink,48,2.5,119.95,-29.65,102.76,,46
47,43,Garrick Higgo,52,2.49,129.29,-33.88,101.44,,47
48,47,Ian Poulter,52,2.47,128.32,-70.25,84.18,,48
49,44,Matthew Wolff,47,2.46,115.85,-90.63,22.08,,49
50,49,Si Woo Kim,52,2.45,127.42,-58.47,109.25,,50
51,51,Victor Perez,46,2.36,108.57,-78.79,53.69,,51
52,52,Lucas Herbert,42,2.33,98.03,-40.06,63.45,,52
53,55,Erik van Rooyen,52,2.33,121.09,-72.51,82.67,,53
54,53,Robert MacIntyre,52,2.3,119.57,-66.47,80.71,,54
55,54,Mackenzie Hughes,52,2.29,119.21,-60.86,64.63,,55
56,56,Kevin Streelman,52,2.24,116.38,-68.14,71.29,,56
57,57,Branden Grace,52,2.19,113.75,-45.69,91.96,,57
58,58,Kyoung-Hoon Lee,52,2.13,110.95,-29.87,109.09,,58
59,59,Russell Henley,52,2.09,108.74,-51.83,58.44,,59
60,64,Min Woo Lee,40,2.08,83.21,-23.14,67.2,,60
61,61,Charley Hoffman,52,2.06,106.87,-40.92,89.81,,61
62,62,Alexander Noren,52,2.05,106.61,-45.79,75.42,,62
63,60,Bernd Wiesberger,52,2.05,106.42,-88.92,66.5,,63
64,63,Cameron Davis,52,2,104.1,-28.15,91.85,,64
65,67,Bubba Watson,47,1.98,92.89,-62.07,44.57,,65
66,65,Carlos Ortiz,52,1.95,101.54,-56.24,52.67,,66
67,66,Sebastian Munoz,52,1.95,101.34,-60.92,63.71,,67
68,71,Chris Kirk,40,1.93,77.38,-22.48,74.48,,68
69,70,Cameron Champ,52,1.93,100.56,-52.26,60.41,,69
70,68,Matt Wallace,52,1.93,100.37,-82.61,60.3,,70
71,69,Guido Migliozzi,48,1.9,91.42,-32.16,84.95,,71
72,72,Charl Schwartzel,41,1.87,76.51,-19.32,61.97,,72
73,73,Emiliano Grillo,52,1.85,96.06,-37.67,78.07,,73
74,74,Cameron Tringale,51,1.84,93.86,-37.91,68.46,,74
75,75,Matt Jones,52,1.83,94.98,-51.89,77.42,,75
76,76,Talor Gooch,52,1.8,93.76,-45.49,58.7,,76
77,77,Thomas Detry,52,1.79,93.32,-47.26,55.78,,77
78,81,Jason Day,45,1.78,80.31,-67.52,31.74,,78
79,78,Harold Varner III,52,1.78,92.74,-43,70.89,,79
80,79,Keegan Bradley,52,1.77,91.9,-46.93,73.73,,80
81,80,Brendon Todd,52,1.76,91.41,-62.86,43.48,,81
82,83,Rasmus Hojgaard,52,1.71,88.99,-39.76,57.43,,82
83,82,Matt Kuchar,50,1.7,84.9,-105.52,49.68,,83
84,90,Takumi Kanaya,40,1.68,67.03,-26.28,39.94,,84
85,84,Lucas Glover,52,1.67,86.97,-47.77,64.27,,85
86,85,Dylan Frittelli,52,1.67,86.77,-54.2,42.45,,86
87,86,Joel Dahmen,52,1.66,86.23,-60.8,44.96,,87
88,87,Gary Woodland,50,1.66,82.91,-105.95,51.34,,88
89,89,Jhonattan Vegas,50,1.63,81.41,-29.48,72.57,,89
90,97,Richard Bland,51,1.62,82.67,-25.04,65.15,,90
91,88,Lanto Griffin,52,1.62,84.1,-63.5,45.06,,91
92,91,Rikuya Hoshino,40,1.58,63.28,-39.23,42.73,,92
93,92,Martin Kaymer,43,1.55,66.51,-47.93,36.09,,93
94,94,Troy Merritt,52,1.53,79.49,-35.93,59.88,,94
95,96,Justin Harding,52,1.52,79.17,-42.79,66.06,,95
96,94,Antoine Rozner,52,1.52,79.08,-40.27,52.03,,96
97,99,Aaron Wise,46,1.51,69.66,-30.11,40.13,,97
98,93,Aaron Rai,50,1.5,74.87,-40.41,32.6,,98
99,98,Calum Hill,52,1.49,77.58,-30.59,69.21,,99
100,109,Ryosuke Kinoshita,40,1.47,58.99,-15.35,44.6,,100
101,103,Santiago Tarrio,42,1.47,61.88,-8.07,52.22,,101
102,100,Dean Burmester,52,1.47,76.6,-29.99,56.23,,102
103,105,Sam Horsfield,48,1.47,70.51,-36.88,40.32,,103
104,101,Andy Sullivan,52,1.46,76.15,-51.12,27.37,,104
105,104,Mito Pereira,48,1.46,70.19,-12.6,61.22,,105
106,113,Johannes Veerman,46,1.44,66.29,-14.34,54.45,,106
107,102,Daniel van Tonder,48,1.44,68.96,-28.91,49.53,,107
108,149,Shugo Imahira,42,1.44,60.3,-57.41,31.62,,108
109,107,John Catlin,52,1.43,74.54,-38.11,36.43,,109
110,106,Maverick McNealy,52,1.41,73.37,-31.22,52.82,,110
111,108,Patton Kizzire,52,1.4,72.54,-23.2,58.36,,111
112,112,Seamus Power,43,1.39,59.6,-11.23,54.7,,112
113,111,Tom Hoge,52,1.38,71.84,-40.09,41.92,,113
114,110,Stephan Jaeger,52,1.36,70.96,-20.75,54.97,,114
115,114,Rory Sabbatini,52,1.36,70.88,-50.54,52.45,,115
116,123,Chan Kim,40,1.35,54.19,-42.91,26.39,,116
117,119,Rickie Fowler,45,1.35,60.95,-68.45,36.55,,117
118,115,Brendan Steele,48,1.35,64.8,-39.56,41.59,,118
119,118,J.T. Poston,52,1.35,69.99,-62.57,42.19,,119
120,117,Harry Higgs,52,1.35,69.96,-41.94,42.74,,120
121,116,Adam Long,52,1.34,69.78,-58.21,17.36,,121
122,121,Hudson Swafford,42,1.33,55.88,-19.16,38.95,,122
123,120,Jason Scrivener,48,1.33,63.81,-31.76,53.83,,123
124,122,Adam Hadwin,52,1.3,67.4,-54.76,45,,124
125,124,George Coetzee,49,1.27,62.37,-44.01,27.34,,125
126,125,Brandon Stone,52,1.27,66.14,-30.83,50.54,,126
126,126,Keith Mitchell,52,1.27,66.14,-37.48,54.73,,126
128,131,Thomas Pieters,41,1.24,50.94,-45.76,28.53,,128
129,127,Taylor Moore,45,1.24,55.83,-5.08,54.13,,129
130,128,Robert Streb,52,1.23,63.81,-30.73,23.52,,130
131,129,Martin Laird,47,1.22,57.47,-34.49,22.32,,131
132,130,Marcus Armitage,52,1.21,62.93,-17.74,41.51,,132
133,134,Joohyung Kim,40,1.2,48.13,-29.14,32.16,,133
134,132,Zach Johnson,45,1.18,52.98,-31.48,20.96,,134
135,139,Shaun Norris,50,1.17,58.65,-44.34,29.79,,135
136,159,Ryo Ishikawa,43,1.16,49.9,-37.15,25.58,,136
137,143,Henrik Stenson,43,1.15,49.63,-58.97,26.4,,137
138,135,C.T. Pan,52,1.15,59.81,-43.16,44.09,,138
139,144,Matthias Schwab,52,1.15,59.67,-46.6,35.62,,139
140,136,Greyson Sigg,52,1.15,59.66,-15.5,44.47,,140
141,138,Yuki Inamori,40,1.14,45.75,-19.2,20.95,,141
142,137,Richy Werenski,52,1.14,59.17,-33.77,35.33,,142
143,141,Andrew Putnam,52,1.13,58.52,-42.89,57.04,,143
144,140,Michael Thompson,49,1.12,55.03,-39.41,29.81,,144
145,133,Kalle Samooja,48,1.12,53.82,-29.74,34.11,,145
146,142,Henrik Norlander,52,1.12,58.17,-36.38,42.73,,146
147,157,Masahiro Kawamura,52,1.12,58.04,-28.3,32.59,,147
148,146,Brandt Snedeker,51,1.1,56.11,-54.48,37.07,,148
149,147,Sepp Straka,52,1.09,56.47,-35.57,32.32,,149
150,148,Kramer Hickok,52,1.08,56.08,-16.23,49.44,,150
151,145,Danny Willett,52,1.08,55.97,-71.44,26.29,,151
152,152,Tomoharu Otsuki,44,1.06,46.75,-21.35,30.16,,152
153,150,Brandon Hagy,48,1.06,50.83,-13.09,48.11,,153
154,217,Adrian Meronk,52,1.04,54.08,-23.36,36.04,,154
155,254,Joseph Bramlett,52,1.04,53.9,-17.65,42.78,,155
156,158,Kurt Kitayama,48,1.03,49.48,-42.36,36.72,,156
157,161,Sean Crocker,52,1.03,53.47,-20.6,33.39,,157
158,151,Sami Valimaki,46,1.02,46.76,-34.15,6.17,,158
159,153,Jim Herman,48,1.02,48.77,-34.61,14.99,,159
160,155,David Lipsky,52,1.01,52.51,-30.96,40.63,,160
161,160,Luke List,52,1.01,52.38,-33.5,35.89,,161
162,170,Scott Vincent,51,1,51.18,-27.4,35.47,,162
163,162,Chez Reavie,52,1,52.07,-78.42,24.22,,163
164,156,Callum Shinkwin,45,0.99,44.66,-23.2,17.64,,164
165,163,Adrian Otaegui,52,0.99,51.58,-27.17,21.11,,165
166,165,Padraig Harrington,47,0.99,46.42,-14.04,39.21,,166
167,164,Cameron Young,40,0.99,39.43,-5.79,34.01,,167
168,181,Mikko Korhonen,41,0.98,40.29,-23.16,33.4,,168
169,167,Doc Redman,52,0.97,50.25,-38.5,22.48,,169
170,166,Laurie Canter,49,0.97,47.32,-26.39,19.25,,170
171,154,Adam Svensson,52,0.96,50.17,-10.71,47.4,,171
172,178,Chad Ramey,52,0.96,50.1,-15.81,36.65,,172
172,168,Kazuki Higa,40,0.96,38.54,-21.35,29.21,,172
174,173,Seonghyeon Kim,40,0.96,38.36,-10.87,30.88,,174
175,174,Charles Howell III,48,0.95,45.73,-48.65,23.14,,175
175,169,Nick Taylor,52,0.95,49.54,-38.49,27.72,,175
177,171,Francesco Molinari,40,0.95,38.06,-52.48,36.05,,177
178,172,Jazz Janewattananond,52,0.95,49.16,-62.56,24.14,,178
179,176,Byeong Hun An,52,0.94,49.09,-60.4,21.02,,179
180,184,Adri Arnaus,51,0.94,47.81,-40.52,24.41,,180
181,177,Hank Lebioda,52,0.93,48.23,-16.33,39.32,,181
182,394,Nicolai Hojgaard,51,0.93,47.24,-8.72,44.11,,182
183,175,Tom Lewis,52,0.92,47.92,-53.75,16.79,,183
184,179,James Hahn,40,0.91,36.58,-15.85,24.13,,184
185,180,Grant Forrest,51,0.9,46.01,-14.48,34.96,,185
186,183,Joachim B Hansen,52,0.9,46.58,-29.08,16.97,,186
187,185,Adam Schenk,52,0.89,46.24,-24.7,33.01,,187
188,182,Jamie Donaldson,48,0.88,42.35,-18.75,21.53,,188
189,189,Alfredo Garcia,40,0.88,35.17,-2.63,30.44,,189
190,188,Pat Perez,52,0.87,45.44,-25.77,32.96,,190
191,190,Ryan Moore,40,0.87,34.66,-28.44,23.91,,191
192,186,Wilco Nienaber,51,0.87,44.17,-17.14,20,,192
193,192,Hiroshi Iwata,40,0.86,34.57,-14.55,24,,193
194,193,Ryuko Tokimatsu,40,0.86,34.37,-21.22,22.81,,194
195,194,Ryan Fox,46,0.86,39.47,-28.23,24.94,,195
195,195,Sam Ryder,52,0.86,44.62,-19.44,38.2,,195
197,187,Wade Ormsby,45,0.86,38.6,-25.81,25.27,,197
198,203,Julien Brun,40,0.85,34.16,-8.83,22.12,,198
199,196,Brian Stuard,52,0.85,44.39,-34.05,32.71,,199
200,223,Ricardo Gouveia,42,0.85,35.77,-2.12,34.42,,200
201,201,Scott Piercy,48,0.85,40.86,-37.5,22.7,,201
202,191,Darren Fichardt,45,0.85,38.05,-19.85,22.88,,202
203,202,Rafa Cabrera Bello,52,0.84,43.93,-58.16,30.88,,203
204,197,Wyndham Clark,52,0.84,43.79,-36.77,22.26,,204
205,199,Denny McCarthy,52,0.84,43.5,-29.52,27.16,,205
206,198,Marcel Siem,46,0.83,38.37,-4.13,34.56,,206
207,200,Renato Paratore,52,0.83,43.22,-29.73,13.57,,207
208,206,Patrick Rodgers,52,0.83,43.08,-21.82,28.95,,208
209,204,Jordan L Smith,52,0.82,42.86,-27.79,24.82,,209
210,205,Kyle Stanley,52,0.82,42.76,-24.88,30.78,,210
211,214,Joost Luiten,52,0.81,42.26,-34.3,23.61,,211
212,225,Sanghyun Park,40,0.81,32.51,-23.19,21.9,,212
213,213,Marcus Helligkilde,41,0.81,33.1,-4.13,29.62,,213
214,209,Roger Sloan,52,0.81,41.87,-17.57,35.32,,214
215,207,Matthew NeSmith,52,0.8,41.85,-30.07,25.98,,215
216,208,Daniel Gavins,46,0.8,36.68,-2.91,36.1,,216
217,215,Maximilian Kieffer,48,0.79,37.91,-11.56,35.22,,217
218,210,David Skinns,41,0.78,32.08,-2.13,30.7,,218
219,212,Ryan Armour,52,0.78,40.59,-24.46,26.19,,219
220,216,Jacques Kruyswijk,44,0.78,34.26,-11.01,30.16,,220
221,218,Graeme McDowell,47,0.78,36.51,-52.52,6.48,,221
222,219,James Morrison,52,0.78,40.39,-10.4,32.37,,222
223,211,Andrew Landry,51,0.78,39.54,-39.01,7.9,,223
224,220,Mark Hubbard,52,0.77,40.09,-36.13,19.83,,224
225,221,Scott Stallings,52,0.77,40.04,-22.95,26.43,,225
226,226,Taylor Pendrith,52,0.77,40.01,-25.13,14.91,,226
227,222,Doug Ghim,52,0.77,39.79,-14.93,34.4,,227
228,350,Hugo León,40,0.76,30.51,-7.69,28.26,,228
229,224,Brandon Wu,41,0.76,31.04,-18.41,10.03,,229
230,236,Matthew Jordan,52,0.75,38.89,-24.62,21.12,,230
231,227,Jorge Campillo,52,0.74,38.68,-43.63,12.17,,231
232,229,Brice Garnett,52,0.74,38.62,-21.24,28.33,,232
233,228,Peter Malnati,52,0.74,38.55,-28.98,16.01,,233
234,233,David Horsey,51,0.74,37.55,-14.2,24.43,,234
235,230,Connor Syme,52,0.73,38.02,-23.51,22.34,,235
236,231,Jacobus Prinsloo,40,0.73,29.18,-8.52,30.91,,236
237,232,Peter Uihlein,52,0.72,37.67,-13.61,36.07,,237
238,234,Marc Warren,40,0.71,28.57,-15.36,11.82,,238
239,297,Oliver Bekker,51,0.7,35.71,-6.92,32.45,,239
240,238,Bo Hoag,52,0.69,36.11,-20.17,29.25,,240
241,265,Max McGreevy,47,0.69,32.45,-15.96,23.02,,241
242,237,Sung Kang,52,0.69,35.78,-55.4,7.49,,242
243,235,Romain Langasque,50,0.69,34.4,-40.2,11.8,,243
244,292,Hayden Buckley,46,0.69,31.61,-8.12,30.37,,244
245,239,Wil Besseling,52,0.69,35.73,-21.35,16.34,,245
246,242,Juvic Pagunsan,40,0.68,27.22,-6.37,25.6,,246
247,244,Katsumasa Miyamoto,40,0.68,27.15,-11.47,25.05,,247
248,244,Russell Knox,52,0.68,35.27,-29.02,24.22,,248
249,248,Jonathan Caldwell,52,0.67,34.98,-9.54,25.34,,249
250,247,Jaco Ahlers,40,0.67,26.85,-18.62,18.38,,250
251,240,Alexander Björk,47,0.67,31.45,-16.1,22,,251
252,246,Brad Kennedy,40,0.67,26.75,-27.36,11.8,,252
253,250,Camilo Villegas,40,0.67,26.64,-7.1,18.39,,253
254,256,Anirban Lahiri,45,0.66,29.88,-9.15,23.53,,254
255,241,Tiger Woods,40,0.66,26.51,-82.45,0,,255
256,243,JC Ritchie,47,0.66,31.15,-25.03,17.87,,256
257,252,Alexander Levy,52,0.66,34.44,-12.87,26.01,,257
258,253,Ignacio Elvira Mijares,52,0.66,34.3,-12.24,31.08,,258
259,257,Danny Lee,52,0.66,34.11,-37.56,11.35,,259
260,249,Nate Lashley,52,0.65,34.02,-46.37,15.68,,260
261,251,Chase Hanna,41,0.65,26.72,-1.37,25.98,,261
262,255,Craig Howie,49,0.65,31.81,-7.2,24.08,,262
263,279,Ryuichi Oiwa,40,0.65,25.94,-5.31,24.21,,263
264,334,Francesco Laporta,52,0.65,33.63,-27.35,15.65,,264
265,263,Chesson Hadley,50,0.65,32.34,-21.4,19.91,,265
266,259,Hanbyeol Kim,40,0.64,25.64,-10.01,12.15,,266
267,262,Ewen Ferguson,52,0.64,33.25,-13.85,27.61,,267
268,268,Tapio Pulkkanen,52,0.64,33.23,-9.41,30.8,,268
269,258,Matthew Southgate,52,0.63,32.99,-25.91,18.92,,269
270,264,Paul Barjon,50,0.63,31.67,-20.39,18.93,,270
271,260,Andrew Johnston,40,0.63,25.28,-20.78,13.36,,271
272,261,Maverick Antcliff,52,0.63,32.84,-21.05,23.38,,272
273,312,Lee Hodges,52,0.63,32.84,-15.59,19.8,,273
274,266,Hurly Long,46,0.63,28.88,-11.41,18.92,,274
274,267,Harry Hall,40,0.63,25.11,-7.47,17.18,,274
276,269,Nick Hardy,45,0.61,27.65,-8.41,22.52,,276
277,451,Trey Mullinax,40,0.61,24.38,-11.27,13.49,,277
278,287,Victor Dubuisson,40,0.61,24.32,-12.67,17.71,,278
279,290,Naoyuki Kataoka,40,0.6,24.17,-1.03,25.2,,279
280,309,Joshua Creel,50,0.6,29.85,-6.42,28.71,,280
281,273,Chase Seiffert,52,0.6,31.03,-21.49,21.98,,281
282,270,Tyler Duncan,52,0.6,30.96,-32.61,5.31,,282
283,272,Vincent Whaley,52,0.59,30.91,-10.19,25.43,,283
284,275,Steve Stricker,40,0.59,23.7,-9.25,20.38,,284
285,285,Marcel Schneider,51,0.59,30.09,-11.72,18.9,,285
286,271,Marcus Kinhult,42,0.59,24.78,-38.95,0,,286
287,278,Jinichiro Kozuma,40,0.59,23.58,-11.54,10.91,,287
288,281,Dylan Wu,52,0.59,30.56,-12.35,22.31,,288
289,277,Vaughn Taylor,52,0.58,30.41,-37.06,18.88,,289
290,276,Seth Reeves,50,0.58,29.17,-8.98,18.92,,290
291,274,Taylor Montgomery,41,0.58,23.8,-8.19,16,,291
292,343,Edoardo Molinari,50,0.58,28.93,-11.52,26.05,,292
293,303,Austin Cook,52,0.58,30.04,-22.53,9.23,,293
294,283,Ondrej Lieser,40,0.58,23.05,-15.23,0,,294
295,289,Neil Schietekat,42,0.57,24.09,-11.74,16.26,,295
296,280,Chris Paisley,49,0.57,28.06,-21.18,17.59,,296
297,282,Curtis Thompson,45,0.57,25.76,-8.68,14.74,,297
298,421,Kyung-Nam Kang,40,0.57,22.71,-10.44,14.68,,298
299,293,Dale Whitnell,52,0.57,29.43,-13.39,18.26,,299
300,294,Andrew Novak,52,0.56,29.29,-9.53,23.84,,300
301,286,Jeff Winther,47,0.56,26.41,-17.23,18.74,,301
302,288,Michael Lorenzo-Vera,40,0.56,22.47,-37.21,3.02,,302
303,295,Kristian Johannessen,40,0.56,22.42,-5.85,13.43,,303
304,301,Jimmy Walker,47,0.56,26.28,-11.74,21.92,,304
305,284,Bronson Burgoon,52,0.56,29.04,-14.99,22.4,,305
306,300,Yuta Ikeda,40,0.55,22.01,-17.01,15.23,,306
307,291,Benjamin Hebert,51,0.55,28.01,-38.85,11.09,,307
308,341,Scott Jamieson,49,0.55,26.82,-19.72,12.53,,308
309,304,Tomohiro Ishizaka,40,0.55,21.85,-3.96,15.21,,309
310,296,Paul Haley II,45,0.55,24.55,-9.23,18.93,,310
311,322,Fabrizio Zanotti,40,0.54,21.77,-13.43,17.62,,311
312,302,Justin Walters,52,0.54,28.29,-18.46,14.59,,312
313,299,Richie Ramsay,52,0.54,28.22,-18.08,19.45,,313
314,298,Nicolas Colsaerts,45,0.54,24.27,-22.96,6.82,,314
315,313,Carl Yuan,48,0.54,25.83,-12.13,18.77,,315
316,311,Espen Kofstad,40,0.54,21.52,-2.27,21.72,,316
317,306,Jared Wolfe,52,0.54,27.93,-18.77,10.55,,317
318,315,Austin Smotherman,51,0.53,26.95,-5.98,24.68,,318
319,310,Gunn Charoenkul,40,0.53,21.06,-29.49,3.92,,319
320,314,Robby Shelton,52,0.53,27.32,-34.32,12.87,,320
321,316,Tyler McCumber,52,0.52,27.28,-15.52,15.15,,321
322,362,John Huh,40,0.52,20.98,-7.63,11.28,,322
323,307,Joakim Lagergren,50,0.52,26.05,-23.81,6.72,,323
324,305,Eddie Pepperell,43,0.52,22.37,-33.81,6.22,,324
325,317,Scott Brown,52,0.52,27.04,-23.56,12.61,,325
326,320,Will Gordon,52,0.51,26.73,-16.46,11.96,,326
327,321,Darius Van Driel,52,0.51,26.67,-18.45,21.17,,327
328,319,Mikumu Horikawa,45,0.51,23,-28.29,6.11,,328
329,308,Jack Senior,52,0.51,26.54,-22.48,15.14,,329
330,323,Brian Gay,52,0.51,26.43,-25,5.62,,330
331,324,Davis Riley,52,0.51,26.39,-17.93,10.61,,331
331,326,Andrew Wilson,40,0.51,20.3,-8.55,13.01,,331
333,327,Beau Hossler,52,0.51,26.34,-18.52,16.03,,333
334,328,Niklas Norgaard Moller,45,0.5,22.66,-11.24,15.33,,334
335,329,Ollie Schniederjans,48,0.5,24.16,-13.06,10.34,,335
336,331,Kunihiro Kamii,40,0.5,20.13,-3.97,16.94,,336
337,337,Pep Angles,41,0.5,20.39,-10.9,5.52,,337
338,333,Scott Hend,52,0.5,25.74,-17.61,16.33,,338
339,371,Pablo Larrazabal,48,0.49,23.55,-22.58,9.61,,339
340,335,Cameron Percy,50,0.49,24.46,-13.65,19.07,,340
341,330,Ross Fisher,50,0.49,24.44,-20.49,8.16,,341
342,318,Bo Van Pelt,48,0.49,23.39,-1.06,24.45,,342
343,336,Kyongjun Moon,44,0.49,21.44,-11.86,13.16,,343
344,332,Rikard Karlberg,47,0.49,22.88,-8.5,16.8,,344
345,325,Brett Drewitt,52,0.49,25.28,-9.32,14.41,,345
346,338,Hendrik Du Plessis,40,0.49,19.44,-9.35,13.12,,346
347,339,Satoshi Kodaira,52,0.49,25.25,-12.47,19.03,,347
348,368,Joakim Wikstrom,42,0.48,20.35,-4.55,13.87,,348
349,340,Ashun Wu,43,0.48,20.77,-12.66,14.49,,349
350,342,Kristof Ulenaers,40,0.48,19.23,-0.21,19.44,,350
351,346,Lasse Jensen,40,0.47,18.87,-3.23,14.59,,351
352,344,Rafael Campos,49,0.47,23.06,-9.01,25.45,,352
353,345,Christofer Blomstrand,40,0.47,18.77,-9.66,6.94,,353
354,347,Bryden MacPherson,40,0.47,18.63,-5.11,21.63,,354
355,348,Mathinus Viljoen,40,0.46,18.44,-10.4,11.22,,355
356,349,Hideto Tanihara,40,0.46,18.38,-13.46,0,,356
357,353,Ross McGowan,52,0.46,23.75,-17.17,7.2,,357
358,351,Jeongwoo Ham,40,0.46,18.24,-13.71,11.2,,358
359,352,Jayden Schaper,40,0.46,18.24,-7.54,7.13,,359
360,372,Justin Lower,48,0.46,21.85,-9.18,14.03,,360
361,365,Ben Kohles,49,0.45,22.23,-11.92,10.94,,361
362,354,Sebi Garcia,52,0.45,23.55,-18.99,15.56,,362
363,356,Ding Wenyi,40,0.45,18.05,-1.65,16.1,,363
364,357,Erik Barnes,46,0.45,20.74,-6.3,16.57,,364
365,361,Mikael Lindberg,42,0.45,18.89,-13.02,5.33,,365
366,359,Keita Nakajima,40,0.45,17.83,-5.42,11.14,,366
367,358,Sebastian Heisele,42,0.44,18.52,-20.14,4.84,,367
368,355,Jbe' Kruger,47,0.44,20.71,-11.92,17.52,,368
369,360,Matthieu Pavon,52,0.44,22.9,-14.13,13.02,,369
370,376,Michael Gligic,52,0.43,22.54,-10.92,16.43,,370
371,367,Jesper Svensson,40,0.43,17.29,-2.52,14.01,,371
372,366,Zecheng Dou,51,0.43,22.04,-13.28,12.2,,372
373,381,Richard Mansell,40,0.43,17.17,-14.06,5.09,,373
374,364,Steven Brown,52,0.43,22.31,-20.65,5.19,,374
375,369,J.J. Spaun,52,0.43,22.11,-10.35,17.43,,375
376,374,Nicolai Dellingshausen,43,0.42,18.19,-7.07,15.67,,376
377,410,Shubhankar Sharma,52,0.42,21.84,-14.57,13.93,,377
378,375,Angel Hidalgo Jordan,41,0.42,17.16,-1.34,16.16,,378
379,370,Jacques Blaauw,46,0.41,19.04,-7.93,11.66,,379
380,378,Shunyat Hak,40,0.41,16.53,-2.79,17.04,,380
381,446,Christopher Feldborg-Nielsen,43,0.41,17.68,-2.58,16.4,,381
382,363,Roberto Díaz,52,0.41,21.29,-16.1,15.24,,382
383,395,Dawie van der Walt,52,0.41,21.15,-7.66,15.77,,383
384,380,Hur In-hoi,40,0.41,16.25,-5.4,12.6,,384
385,377,Bud Cauley,40,0.41,16.2,-27.23,0,,385
386,379,Robert Rock,40,0.4,16.13,-15.83,0,,386
387,373,Yosuke Asaji,41,0.4,16.43,-16.1,12.94,,387
388,383,Niklas Lemke,45,0.4,17.81,-14.4,5.34,,388
388,384,Tyson Alexander,52,0.4,20.58,-7.07,17.78,,388
390,385,Jason Dufner,52,0.4,20.57,-16.76,15.06,,390
391,403,Gavin Kyle Green,52,0.39,20.38,-27.39,1.51,,391
392,382,Ben Martin,48,0.39,18.75,-7.25,14.05,,392
393,414,Oliver Farr,50,0.39,19.48,-15.01,8.4,,393
394,390,Blake Windred,40,0.39,15.42,-3.09,15.23,,394
395,422,Josh Geary,40,0.38,15.38,-9.29,14.19,,395
396,386,Todd Baek,40,0.38,15.33,-9.59,9.26,,396
397,392,Wocheng Ye,40,0.38,15.3,-0.9,16.2,,397
398,389,Kim Tae-hoon,40,0.38,15.29,-11.37,3.37,,398
399,397,Taylor Dickson,40,0.38,15.21,-0.26,15.47,,399
400,388,Seungsu Han,43,0.38,16.29,-19.83,1.79,,400
401,391,Richard Lee,40,0.38,15.1,-13.95,8.1,,401
402,396,Mikiya Akutsu,40,0.38,15.06,-7.99,11.4,,402
403,399,Alexander Knappe,40,0.38,15.01,-6.52,6.34,,403
404,400,Jesper Kennegard,40,0.37,14.97,-1.76,14.77,,404
405,406,Yuki Furukawa,40,0.37,14.82,-0.1,14.93,,405
406,402,Wesley Bryan,40,0.37,14.8,-5.57,10.27,,406
407,403,Daan Huizing,52,0.37,19.19,-8.46,15.98,,407
408,398,Adrien Saddier,48,0.37,17.65,-12.27,5.13,,408
408,387,Sebastian Soderberg,50,0.37,18.38,-28.57,2.96,,408
410,405,Martin Rohwer,40,0.37,14.68,-11.72,9.87,,410
411,407,Stuart Macdonald,43,0.37,15.72,-0.28,16,,411
412,409,Alex Haindl,40,0.36,14.57,-2.81,12.89,,412
413,411,Sean O'Hair,40,0.36,14.54,-3.73,11.95,,413
414,408,Bjorn Hellgren,40,0.36,14.5,-6.2,7.2,,414
415,412,Tristen Strydom,40,0.36,14.46,-2.9,13.26,,415
416,471,Karandeep Kochhar,40,0.36,14.43,-8.15,4.2,,416
417,401,Nino Bertasio,47,0.36,16.89,-13.71,14.4,,417
418,413,Ryan Lumsden,40,0.36,14.3,-3.06,11.6,,418
419,393,Paul Waring,41,0.36,14.64,-32.52,0,,419
420,417,Young-han Song,40,0.35,14.17,-0.37,14.47,,420
421,438,Alex Smalley,40,0.35,14.16,-2.05,11.58,,421
422,418,Felix Mory,40,0.35,14.03,-3.06,13.68,,422
423,419,Daniel Hillier,40,0.35,13.98,-2.33,12.64,,423
424,416,Daijiro Izumida,40,0.35,13.97,-10.89,5.5,,424
424,415,Udayan Mane,40,0.35,13.97,-12.8,5,,424
426,464,Chikkarangappa S.,40,0.35,13.8,-10.52,9.2,,426
427,420,Louis de Jager,50,0.34,17.15,-17.78,6.12,,427
428,466,Dimi Papadatos,40,0.34,13.63,-5.8,11.75,,428
429,426,Niall Kearney,40,0.34,13.58,-1.24,13,,429
430,425,Paul Peterson,40,0.34,13.58,-4.54,11.54,,430
431,423,Gaganjeet Bhullar,43,0.34,14.57,-7.71,12.15,,431
432,429,David Drysdale,52,0.34,17.48,-11.75,10.44,,432
433,428,Lee Chang-woo,40,0.34,13.44,-6.23,5.7,,433
434,424,Xinjun Zhang,52,0.33,17.41,-34.64,3.23,,434
435,430,Yanwei Liu,40,0.33,13.29,-6.15,9.42,,435
436,427,Callum Tarren,51,0.33,16.85,-5.42,11.56,,436
437,542,Sahith Theegala,40,0.33,13.14,-0.99,12.12,,437
438,431,Billy Kennerly,50,0.33,16.34,-6.25,15.56,,438
439,434,Austin Eckroat,40,0.33,13.05,-1.39,9.7,,439
440,432,Koumei Oda,40,0.32,12.98,-8.29,9.27,,440
441,436,Kevin Yu,40,0.32,12.96,-2.33,11.34,,441
442,433,Tomoyasu Sugiyama,40,0.32,12.93,-6.02,8.29,,442
443,437,Stuart Manley,40,0.32,12.92,-1.22,12,,443
444,442,Ryo Hisatsune,40,0.32,12.83,-0.07,12.9,,444
445,438,Brandon Matthews,40,0.32,12.81,-3.56,7.28,,445
446,443,Tag Ridings,46,0.32,14.73,-2.25,14,,446
447,567,Mitch Waite,40,0.32,12.79,-1.93,11.33,,447
448,435,Anthony Quayle,40,0.32,12.74,-13.09,5.47,,448
449,441,Vince India,52,0.32,16.52,-6.31,10.28,,449
450,445,Jamie Lovemark,45,0.32,14.24,-3.15,13.28,,450
451,444,Eduard Rousaud,40,0.32,12.65,-2.23,8.94,,451
452,477,Kristoffer Ventura,52,0.32,16.44,-26.17,3.79,,452
453,449,David Law,52,0.31,16.34,-6.01,15.97,,453
454,447,Lukas Nemecz,40,0.31,12.56,-5.51,7.2,,454
455,457,Vincent Norrman,40,0.31,12.42,,12.42,,455
456,588,Yannik Paul,40,0.31,12.4,-0.06,12.46,,456
457,453,Haotong Li,45,0.31,13.89,-34.84,0,,457
458,450,Rhys Enoch,52,0.31,16.04,-13.43,15.44,,458
459,448,Oscar Lengden,40,0.31,12.31,-12.57,0,,459
460,458,Alejandro Cañizares,50,0.31,15.35,-5.41,13.19,,460
461,452,Mike Hendry,40,0.31,12.23,-9.8,6.89,,461
462,460,Alejandro Del Ray,40,0.3,12.16,-2.43,9.55,,462
463,454,Thriston Lawrence,40,0.3,12.15,-15.71,6.67,,463
464,456,Thorbjørn Olesen,40,0.3,12.14,-13.38,7.68,,464
465,461,Guxin Chen,40,0.3,12.1,-2.41,12,,465
466,455,Dan McCarthy,52,0.3,15.65,-11.27,7.4,,466
467,462,Anton Karlsson,45,0.3,13.48,-9.36,8.94,,467
468,510,Yoseop Seo,40,0.3,11.98,-6.64,10.56,,468
469,459,Tom Whitney,50,0.3,14.96,-5.69,13.89,,469
470,496,Ashley Chesters,52,0.3,15.52,-8.29,12.63,,470
471,518,Shingo Katayama,40,0.3,11.86,-5.6,8.96,,471
472,463,Rob Oppenheim,52,0.29,15.3,-11.21,9.65,,472
473,467,Hirotaro Naito,40,0.29,11.72,-5.79,3.13,,473
474,438,Brent Grant,41,0.29,11.95,-2.05,11.16,,474
474,468,Fabian Gomez,52,0.29,15.16,-19,7.33,,474
476,465,Matthew Baldwin,52,0.29,15.15,-9.71,6.36,,476
477,472,Jeong Weon Ko,40,0.29,11.53,-3.07,8.28,,477
478,475,Luke Donald,42,0.29,11.99,-8.46,9.2,,478
479,474,Doyeob Mun,40,0.29,11.41,-6.88,9,,479
480,472,Jaekyeong Lee,40,0.28,11.36,-10.38,0,,480
481,480,Nick Bachem,40,0.28,11.35,-1.87,10,,481
482,470,Sihwan Kim,46,0.28,13.02,-7.98,10.31,,482
483,469,Scott Gutschewski,43,0.28,12.15,-4.93,9.31,,483
484,481,Robin Sciot-Siegrist,51,0.28,14.39,-13.91,5.39,,484
485,481,George Cunningham,52,0.28,14.58,-6.65,10.46,,485
486,477,Søren Kjeldsen,50,0.28,13.99,-7.76,12.38,,486
487,484,Yosuke Tsukada,40,0.28,11.19,-2.78,8.97,,487
488,483,Bryce Easton,52,0.28,14.54,-13.67,6.5,,488
489,475,Ted Potter Jr.,52,0.28,14.54,-11.87,11.36,,489
490,479,Yi Keun Chang,41,0.28,11.43,-13.25,7.3,,490
491,485,Max Greyserman,45,0.28,12.53,-4.79,9.25,,491
492,492,Niklas Regner,40,0.28,11.08,-0.65,10.76,,492
493,490,Jacopo Vecchi Fossa,40,0.28,11.06,-2.14,8.8,,493
494,489,Choi Min-Chel,40,0.28,11.05,-3.19,7.74,,494
495,488,Theo Humphrey,51,0.28,14.06,-5.47,8.4,,495
496,494,Conner Godsey,40,0.27,10.99,-0.71,9.6,,496
496,486,Adilson da Silva,40,0.27,10.99,-10.4,2.8,,496
498,491,Joel Stalter,48,0.27,13.08,-10.62,1.48,,498
499,487,Mark Anderson,48,0.27,13.07,-9.52,9.84,,499
500,495,Garrick Porteous,51,0.27,13.79,-5.68,8.61,,500
501,498,Xuewen Luo,40,0.27,10.81,-0.67,9.6,,501
502,499,Trevor Werbylo,40,0.27,10.8,,10.8,,502
503,493,Kevin Tway,49,0.27,13.21,-18.19,9.45,,503
504,497,Taiga Sugihara,40,0.27,10.72,-4.23,5.6,,504
505,501,Junseok Lee,40,0.27,10.71,-1.91,9,,505
506,500,Stephen Franken,49,0.27,13.04,-2.33,11.04,,506
507,586,Tadahiro Takayama,40,0.27,10.61,-1.09,9.93,,507
508,509,Henric Sturehed,48,0.26,12.71,-6.14,7.8,,508
509,504,Takahiro Hataji,40,0.26,10.56,-3.74,8.17,,509
510,502,David Coupland,49,0.26,12.92,-7.03,8.8,,510
511,506,Akio Sadakata,40,0.26,10.54,-5.96,8.9,,511
512,554,Seunghyuk Kim,40,0.26,10.49,-7.61,2.83,,512
513,503,Wonjoon Lee,40,0.26,10.48,-10.99,2.16,,513
514,507,Matt Ford,42,0.26,10.98,-7.15,1.8,,514
515,508,Ryan McCormick,43,0.26,11.23,-4.23,6.22,,515
516,511,Kiradech Aphibarnrat,46,0.26,11.86,-22.98,5.68,,516
517,512,Aaron Cockerill,52,0.26,13.3,-7.81,3,,517
518,516,Frederic LaCroix,40,0.25,10.19,-5.49,9.74,,518
519,576,Bjorn Akesson,40,0.25,10.19,,10.19,,519
520,519,Dermot McElroy,40,0.25,10.18,-0.06,10.24,,520
521,562,Naoto Nakanishi,40,0.25,10.15,-6.36,5.63,,521
522,513,Justin Suh,40,0.25,10.13,-6.81,2.09,,522
523,515,Taisei Shimizu,40,0.25,10.12,-2.78,7.94,,523
524,505,Jung-gon Hwang,40,0.25,10.08,-28.47,0,,524
525,517,Grayson Murray,43,0.25,10.78,-9.13,10.11,,525
526,523,Eun Shin Park,40,0.25,9.99,-1.47,9.32,,526
527,526,Brett Coletta,40,0.25,9.96,-10.08,6.07,,527
528,514,Jeunghun Wang,40,0.25,9.95,-12.81,0,,528
529,521,Ryutaro Nagano,40,0.25,9.93,-5.05,9.6,,529
529,522,Tomoyo Ikemura,40,0.25,9.93,-6.08,3.87,,529
531,525,Mathieu Decottignies-Lafon,40,0.25,9.93,-0.56,9.4,,531
532,527,Michael Hoey,40,0.25,9.91,-0.83,10.03,,532
533,520,Sung -Kug Park,40,0.25,9.91,-8.11,5.4,,533
534,530,Sam Stevens,40,0.25,9.86,-0.63,9.6,,534
535,594,Jay Choi,40,0.25,9.85,-1.08,9.7,,535
536,524,Lee Dong-Min,40,0.25,9.84,-2.27,9,,536
537,887,Andrew Yun,40,0.25,9.81,-1.31,9.84,,537
538,528,Dawson Armstrong,52,0.24,12.66,-6.96,9.29,,538
539,531,Eric Sugimoto,40,0.24,9.7,-3.85,10,,539
540,533,Michael Sim,40,0.24,9.62,-6.48,5.39,,540
541,705,Corey Shaun,40,0.24,9.6,,9.6,,541
541,580,Justin Shin,40,0.24,9.6,-3.91,6.85,,541
543,534,Thomas Roseenmoller,40,0.24,9.59,-8.57,0,,543
544,536,Scott Harrington,52,0.24,12.43,-17.91,6.62,,544
545,543,Patrick Newcomb,40,0.24,9.55,-1.91,8.1,,545
546,538,Charlie Saxon,52,0.24,12.38,-7.78,6.98,,546
547,529,P. Tangkamolpraser,40,0.24,9.52,-16.27,0,,547
548,541,Harrison Endycott,42,0.24,9.99,-3.53,9.77,,548
549,540,Marcus Fraser,40,0.24,9.44,-7.36,7.33,,549
550,617,Matteo Manassero,40,0.24,9.42,-2.09,7.57,,550
551,539,Shota Akiyoshi,40,0.23,9.37,-12.04,5.27,,551
552,545,Bio Kim,40,0.23,9.33,-9.73,6.35,,552
553,537,Julien Guerrier,42,0.23,9.78,-5.86,2.22,,553
554,545,David Kocher,50,0.23,11.61,-11.93,4,,554
555,532,Curtis Luck,43,0.23,9.98,-9.25,1.58,,555
556,535,Josh Teater,50,0.23,11.59,-16.6,4.92,,556
557,553,Mateusz Gradecki,42,0.23,9.7,-3.5,8.56,,557
558,549,Jimmy Stanger,51,0.23,11.74,-8.69,3.58,,558
559,548,Zander Lombard,52,0.23,11.93,-17.53,4.08,,559
560,622,Braden Thornberry,52,0.23,11.91,-5.06,9.88,,560
561,550,Kevin Chappell,40,0.23,9.12,-3.78,6.38,,561
562,547,Shad Tuten,49,0.23,11.13,-6.31,7.12,,562
563,559,Jerome Lando Casanova,40,0.23,9.01,-0.07,9.06,,563
564,557,Haraldur Magnus,40,0.22,8.97,-4.91,7.06,,564
565,560,Christopher Mivis,40,0.22,8.93,-3.5,6,,565
566,551,J.B. Holmes,40,0.22,8.92,-24.85,3.18,,566
567,551,Richard Sterne,40,0.22,8.9,-16.31,5.47,,567
568,556,Trevor Simsby,40,0.22,8.87,-9.39,2.78,,568
569,561,Tommy Gainey,52,0.22,11.52,-7.12,5.48,,569
570,610,Ryan van Velzen,40,0.22,8.85,-1.65,7.5,,570
571,565,Drew Nesbitt,40,0.22,8.83,-2.92,8.4,,571
572,566,Takaya Onoda,40,0.22,8.82,-2.4,6.76,,572
573,563,Tae Hee Lee,47,0.22,10.35,-8.85,5.01,,573
573,555,Jim Furyk,40,0.22,8.81,-31.62,6.25,,573
575,564,Hennie Otto,40,0.22,8.76,-4.76,7.78,,575
576,558,Travis Smyth,40,0.22,8.75,-10.75,1.73,,576
577,570,Yeongsu Kim,40,0.22,8.7,-1.55,6.63,,577
578,568,Chris Baker,52,0.22,11.26,-11.63,4.82,,578
579,572,Lucas Vacarisas,40,0.21,8.57,-2.5,4.8,,579
580,989,Taehoon Ok,40,0.21,8.55,,8.55,,580
580,571,Bryson Nimmer,40,0.21,8.55,-4.07,2.98,,580
582,575,Kevin Roy,51,0.21,10.86,-2.81,8.31,,582
583,578,Lorenzo Scalise,52,0.21,11,-7.36,8.14,,583
583,569,Phachara Khongwatmai,40,0.21,8.46,-13.1,0,,583
585,572,Richard Jung,40,0.21,8.45,-9.15,5.4,,585
586,579,Dongeun Kim,40,0.21,8.41,-0.59,9,,586
587,574,Kevin Dougherty,48,0.21,10.09,-8.68,4.99,,587
588,675,David Pastore,40,0.21,8.4,-6.2,2.1,,588
589,544,Aaron Baddeley,47,0.21,9.86,-12.36,6.98,,589
590,577,Brandon Harkins,52,0.21,10.9,-8.87,3.36,,590
591,754,Ian Snyman,40,0.21,8.32,-0.68,9,,591
592,584,John Axelsen,40,0.21,8.25,-1.62,7.18,,592
593,582,Oliver Fisher,52,0.21,10.71,-8.3,6.33,,593
594,582,Taihei Sato,40,0.21,8.24,-6.09,4.35,,594
595,585,Louis Albertse,40,0.21,8.23,-1.66,7.32,,595
596,588,Patrick Flavin,40,0.2,8.13,-4.54,7.19,,596
597,987,Manu Gandas,40,0.2,8.12,-1.29,6.8,,597
598,590,Elvis Smyli,40,0.2,8.11,-2.01,9.31,,598
599,592,Jae-Han Chun,40,0.2,8.09,-1.76,5.4,,599
600,587,Jaco Van Zyl,40,0.2,8.08,-7.44,5.08,,600
601,,Kenshiro Ikegami,40,0.2,8,,8,,601
602,599,Robert Carlsson,40,0.2,7.98,-1.32,7.6,,602
603,596,Jake Roos,40,0.2,7.97,-6.49,7,,603
604,581,Zac Blair,40,0.2,7.96,-19.94,0,,604
605,595,Lars Van Meijel,52,0.2,10.32,-10.85,6.48,,605
606,598,Yuwa Kosaihira,52,0.2,10.3,-6.51,4.64,,606
607,600,Stefano Mazzoli,40,0.2,7.9,-2.77,5.2,,607
608,685,David Boote,44,0.2,8.67,-2.71,5.36,,608
609,591,Hiroyuki Fujita,40,0.2,7.87,-12.37,0,,609
610,828,Cho Min-jun,40,0.2,7.86,-5.36,3.6,,610
611,593,Lorenzo Gagli,52,0.2,10.19,-13.34,1.98,,611
612,601,Huilin Zhang,40,0.2,7.81,-8.23,1.2,,612
613,640,Joey Garber,51,0.2,9.95,-8.7,6.3,,613
614,597,Soomin Lee,40,0.2,7.8,-15.04,0,,614
615,603,Stephen Gallacher,40,0.19,7.78,-8.5,7.8,,615
616,608,Sanghun Shin,40,0.19,7.76,-1.06,6.49,,616
617,753,Tomas Melo Gouvei,40,0.19,7.73,-0.07,7.8,,617
618,606,Ockert Strydom,40,0.19,7.7,-8.59,5.03,,618
619,613,Nicolai Tinning,40,0.19,7.7,-1.25,6.61,,619
620,609,Alvaro Ortiz,40,0.19,7.67,-3.81,6,,620
621,621,Nick Voke,44,0.19,8.41,-3.96,4.28,,621
622,612,MJ Maguire,40,0.19,7.64,-3.36,1.32,,622
623,611,Jeremy Freiburghaus,40,0.19,7.63,-4.57,1.62,,623
623,602,Evan Harmeling,52,0.19,9.91,-10.25,0,,623
625,616,John VanDerLaan,48,0.19,9.12,-3.6,5.4,,625
626,607,Bernard Ritthammer,40,0.19,7.57,-8.9,1.56,,626
627,614,José de Jesús Rodríguez,42,0.19,7.93,-8.39,2.71,,627
628,620,Yusaku Miyazato,40,0.19,7.54,-2.17,7.51,,628
629,605,Andrew Dodt,40,0.19,7.53,-13.59,0,,629
629,626,Clément Sordet,46,0.19,8.66,-8.1,3.95,,629
631,938,Frederik Schott,40,0.19,7.52,-0.22,7.74,,631
632,618,Damien Perrier,52,0.19,9.76,-8.17,3.65,,632
633,624,Nicolai Nohr Madsen,40,0.19,7.48,-0.47,7,,633
634,604,Wes Roach,52,0.19,9.68,-15.53,5.37,,634
635,705,Turk Pettit,40,0.19,7.44,,7.44,,635
636,623,Kyle Reifers,46,0.19,8.53,-2.63,7.24,,636
637,614,Rashid Khan,40,0.19,7.42,-16.08,1.2,,637
638,625,Yuta Uetake,40,0.19,7.41,-1.32,7.81,,638
639,619,Marco Iten,42,0.18,7.76,-2.25,6,,639
640,633,Matias Honkala,40,0.18,7.34,-0.68,7,,640
641,628,Anton Haig,40,0.18,7.31,-3.35,2.7,,641
642,629,Anthony Michael,40,0.18,7.28,-4.94,5.58,,642
643,630,David Hearn,52,0.18,9.4,-9.39,3.76,,643
643,632,Brad Hopfinger,49,0.18,8.86,-7.22,0,,643
645,627,K.T. Kim,40,0.18,7.17,-12.37,0,,645
646,711,Thomas Sloman,40,0.18,7.15,-1.02,6.13,,646
647,631,Josh Younger,40,0.18,7.14,-9.55,1.26,,647
648,634,Kyle Jones,40,0.18,7.1,-8.04,0,,648
649,638,Ruan Korb,40,0.18,7.06,-3.98,1.22,,649
650,640,Pedro Oriol,40,0.18,7.05,-1.71,4.56,,650
651,635,David Lingmerth,50,0.18,8.81,-2.38,8.97,,651
651,639,Austen Truslow,40,0.18,7.04,-6.63,0,,651
653,643,Jens Dantorp,46,0.18,8.08,-4.83,2.82,,653
654,636,Aman Raj,40,0.18,7.01,-7.52,2.2,,654
655,642,Minkyu Kim,40,0.17,6.98,-5.6,1.28,,655
656,645,Lauri Ruuska,41,0.17,7.12,-3.69,3.22,,656
657,645,Ugo Coussaud,40,0.17,6.94,-4.78,5.89,,657
658,648,Zach Wright,45,0.17,7.77,-2.35,7.17,,658
658,652,Ben Taylor,52,0.17,8.98,-5.51,7.9,,658
660,650,Yoshitaka Takeya,40,0.17,6.9,-2.22,5.78,,660
661,637,Kousuke Hamamoto,40,0.17,6.87,-12.62,0,,661
661,647,Gudmundur Kristjansson,40,0.17,6.87,-6.81,3.06,,661
663,659,Matthias Schmid,40,0.17,6.85,,6.85,,663
664,655,Will Enefer,40,0.17,6.85,-2.93,5.4,,664
665,660,Ivan Cantero Gutierrez,40,0.17,6.81,-1.27,6.63,,665
665,653,Jean Hugo,40,0.17,6.82,-6.86,5.74,,665
667,644,Ho Sung Choi,41,0.17,6.98,-14.37,1.21,,667
668,654,Patrick Fishburn,51,0.17,8.65,-7.18,4.65,,668
668,656,Tyler Koivisto,40,0.17,6.78,-4.7,0,,668
670,651,Ben Stow,40,0.17,6.77,-10.36,0,,670
671,658,Bill Haas,40,0.17,6.76,-6.69,4.84,,671
671,657,Andrew Martin,40,0.17,6.76,-4.14,6,,671
673,662,Steve Lewton,40,0.17,6.75,-5.21,6.22,,673
674,649,Anders Albertson,47,0.17,7.92,-5.95,2.21,,674
675,671,Michael Gellerman,47,0.17,7.83,-7.96,6.76,,675
676,661,Veer Ahlawat,40,0.17,6.63,-6.83,1.2,,676
677,665,Adam Eineving(Am),44,0.17,7.29,-2.65,5.6,,677
678,666,Carson Young,40,0.17,6.62,-2.03,3.6,,678
679,667,Nicolas Echavarria,52,0.17,8.6,-3.24,8.56,,679
680,667,Philipp Mejow,40,0.17,6.6,-2.03,4,,680
681,663,Luke Jerling,40,0.16,6.58,-5.22,4.07,,681
682,664,Angelo Que,40,0.16,6.56,-6.57,4.53,,682
683,670,SSP Chawrasia,40,0.16,6.48,-4.6,3.58,,683
684,673,Bobby Bai,45,0.16,7.26,-9.03,4.19,,684
685,674,Eric Cole,40,0.16,6.45,-2.11,3.94,,685
686,672,Dylan Perry,40,0.16,6.44,-4.36,5,,686
687,678,Yongjun Bae,40,0.16,6.42,,6.42,,687
688,669,Tim Wilkinson,41,0.16,6.57,-11.18,2.51,,688
689,679,Daisuke Yasumoto,40,0.16,6.35,-1.67,5.33,,689
690,680,Robert Foley,40,0.16,6.35,-0.05,6.4,,690
691,677,Benjamin Rusch,40,0.16,6.34,-4.02,4.67,,691
692,682,Paul Elissalde,40,0.16,6.32,-1.1,5.4,,692
693,676,Malcolm Mitchell,40,0.16,6.29,-5.42,4.84,,693
694,681,Jianfeng Ye,40,0.16,6.27,-2.13,2.4,,694
695,686,Blayne Barber,42,0.16,6.55,-3.34,6.16,,695
696,683,Keenan Davidse,40,0.16,6.21,-6.15,1.33,,696
697,688,Martin Eriksson,44,0.15,6.78,-4.06,2,,697
698,684,Thanapath Pichaikul,40,0.15,6.15,-6.84,0,,698
699,690,Rahil Gangjee,40,0.15,6.14,-2.47,4,,699
700,691,Christopher Wood,40,0.15,6.13,-2.27,7,,700
701,692,Harry Ellis,40,0.15,6.09,-3.9,1.74,,701
702,695,Richard McEvoy,52,0.15,7.91,-2.3,6.58,,702
703,694,Sadom Kaewkanjana,40,0.15,6.05,-10.76,4.2,,703
704,687,Cormac Sharvin,52,0.15,7.85,-13.86,4.65,,704
705,688,Deyen Lawson,48,0.15,7.23,-4.23,5.14,,705
706,705,Samuel Saunders,40,0.15,6,,6,,706
706,705,Philip Knowles,40,0.15,6,,6,,706
706,705,Mac Meissner,40,0.15,6,,6,,706
709,702,Steven Alker,40,0.15,5.96,-4.19,6.13,,709
710,705,John Augenstein,40,0.15,5.94,-0.7,4.7,,710
711,704,Poom Pattaropong,40,0.15,5.93,-2.4,7,,711
711,713,Slade Pickerin,40,0.15,5.93,-0.07,6,,711
713,692,Joel Sjöholm,40,0.15,5.92,-12.36,0,,713
714,701,Justin Warren,40,0.15,5.91,-2.96,5.74,,714
715,703,Jun-won Park,40,0.15,5.91,-6.09,3.6,,715
716,714,Shintaro Kobayashi,40,0.15,5.89,-3.18,4.99,,716
717,716,David Ravett,40,0.15,5.88,-0.15,6.03,,717
717,720,Martin Simonsen,49,0.15,7.2,-6.29,2.8,,717
719,697,Todd Clements,41,0.15,6.02,-8.76,1.62,,719
720,699,Prom Meesawat,40,0.15,5.86,-12.75,0,,720
721,716,Ben Cook,40,0.15,5.85,-0.29,6.14,,721
722,695,John Chin,51,0.15,7.43,-10.32,0,,722
723,808,Adam Blomme,40,0.15,5.82,-1.2,4.47,,723
724,699,Nick Watney,47,0.15,6.83,-15.74,1.56,,724
725,718,Nelson Ledesma,52,0.15,7.54,-13.2,6.98,,725
726,715,Chandler Blanchet,40,0.14,5.79,-5.38,1.23,,726
727,721,Rhein Gibson,52,0.14,7.5,-12.59,5.88,,727
727,697,Suradit Yongcharoenchai,40,0.14,5.77,-12.55,0,,727
729,711,Ben Evans,42,0.14,6.03,-4.2,3.24,,729
730,719,Akshay Sharma,40,0.14,5.75,-3.16,0,,730
731,726,Justin Doeden,40,0.14,5.73,-2.19,3.23,,731
731,722,Daichi Sato,40,0.14,5.72,-2.74,1.73,,731
733,727,Hannes Ronneblad,42,0.14,6.01,-2.05,5.2,,733
734,725,Wenyi Huang,40,0.14,5.71,-1.49,3.6,,734
735,722,Jang Dong-Kyu,44,0.14,6.28,-6.33,4.35,,735
736,730,Hampus Bergman,40,0.14,5.69,-0.9,5.86,,736
737,734,John Parry,40,0.14,5.65,-1.64,5.2,,737
738,728,Steve Surry,40,0.14,5.63,-10.39,0,,738
739,739,Grant Hirschman,50,0.14,7.03,-4.92,3.78,,739
740,733,Allen John,40,0.14,5.61,-5.84,1.34,,740
741,729,Aaron Pike,40,0.14,5.61,-6.43,0,,741
742,736,Ren Takeuchi,40,0.14,5.57,-3.04,2.08,,742
743,734,Robin Petersson,52,0.14,7.24,-5.42,1.22,,743
744,724,Alvaro Quiros,51,0.14,7.07,-9.91,5.43,,744
745,738,Ulrich Van den Berg,40,0.14,5.54,-2.67,2.1,,745
745,731,Augusto Núñez,52,0.14,7.2,-11.48,0,,745
747,740,Taeho Kim,40,0.14,5.53,-0.51,5.6,,747
748,737,Emilio Cuartero Blanco,51,0.14,7.02,-8.32,1.22,,748
749,740,Jake Redman,40,0.14,5.48,-3.36,4,,749
749,876,Bong-Sub Kim,40,0.14,5.48,-0.11,5.59,,749
749,732,Julian Suri,51,0.14,6.99,-10.43,3.82,,749
752,748,Daniel Brown,40,0.14,5.43,,5.43,,752
753,744,Oliver Hundebol Jorgensen,40,0.14,5.41,-4.25,3.69,,753
754,750,Bael Jun Kim,40,0.14,5.4,,5.4,,754
754,745,Ji-hoon Lee,40,0.14,5.4,-3.69,1.28,,754
756,743,Kristoffer Reitan,41,0.13,5.51,-6.84,1.45,,756
757,750,Clement Berardo,40,0.13,5.36,-0.81,5.24,,757
758,752,Jeonghyeob Hyun,40,0.13,5.35,-2.4,4.82,,758
759,755,Tomohiro Kondo,40,0.13,5.33,-1.13,4.31,,759
760,742,Nicholas Lindheim,46,0.13,6.09,-6.32,0,,760
761,757,Azuma Yano,40,0.13,5.26,-1.16,5.24,,761
761,746,Jack Singh Brar,40,0.13,5.26,-9.34,0,,761
763,759,Junya Kameshiro,40,0.13,5.26,-0.53,4.58,,763
764,756,Ludvig Aberg,40,0.13,5.23,-4.3,0,,764
765,762,Kristoffer Broberg,40,0.13,5.22,-0.74,5.96,,765
766,766,Joseph Dean,40,0.13,5.2,-0.4,5.2,,766
766,774,Brian Campbell,44,0.13,5.72,-4.93,5.97,,766
768,760,Mikael Lundberg,40,0.13,5.19,-3.89,4,,768
768,762,Christiaan Burke,40,0.13,5.19,-1.1,4.5,,768
770,749,Alfie Plant,41,0.13,5.31,-4.56,3.45,,770
771,757,Viraj Madappa,40,0.13,5.17,-4.36,3,,771
772,761,Om Prakash Chouhan,40,0.13,5.16,-2.41,4.6,,772
772,772,Alex Kang,40,0.13,5.17,,5.17,,772
774,765,Andrew Evans,40,0.13,5.15,-1.22,6,,774
775,771,Michael Hirmer,40,0.13,5.13,-1.17,4,,775
776,769,Haydn Porteous,52,0.13,6.65,-7.83,3.36,,776
777,764,Atomu Shigenaga,40,0.13,5.11,-4.7,2.88,,777
778,768,Ryan Brehm,52,0.13,6.63,-14.47,4.32,,778
779,770,Toby Tree,49,0.13,6.23,-4.65,1.8,,779
780,766,Tatsuya Kodai,40,0.13,5.08,-3.89,2.93,,780
781,776,Jamie Rutherford,40,0.13,5.07,-1.55,3.7,,781
782,773,Jack Thompson,40,0.13,5.06,-2.73,3.5,,782
783,779,Jean Baptiste Gonnet,40,0.13,5.01,-1.13,4.96,,783
784,778,J.T. Griffin,45,0.13,5.63,-3.73,3.11,,784
785,783,Alex Chiarella,46,0.12,5.71,-5.83,1.2,,785
786,949,Hong-taek Kim,40,0.12,4.95,-1.26,4.11,,786
787,780,Peter Karmis,40,0.12,4.94,-6.39,1.6,,787
788,775,Kelly Kraft,40,0.12,4.94,-11.29,2.94,,788
789,781,Rowin Caron,40,0.12,4.93,-3.97,2.1,,789
790,777,Oliver Wilson,52,0.12,6.39,-9.87,3.42,,790
791,782,Roope Kakko,40,0.12,4.88,-3.27,4.02,,791
792,794,Jeppe Kristian Andersen,40,0.12,4.87,,4.87,,792
793,784,Atiruj Winaicharoenc,40,0.12,4.86,-4.48,1.73,,793
793,795,Clay Feagler,40,0.12,4.86,,4.86,,793
795,785,Matias Calderon,40,0.12,4.86,-4.61,1.3,,795
796,786,Deon Germishuy,41,0.12,4.97,-4.41,0,,796
797,793,Pedro Figueiredo,50,0.12,6.06,-1.89,3.36,,797
798,790,Jon Thomson,40,0.12,4.83,-3.66,1.95,,798
799,788,Kodai Ichihara,40,0.12,4.81,-7.4,1.52,,799
799,787,K.J. Choi,40,0.12,4.81,-7.14,1.66,,799
801,791,Nick Flanagan,40,0.12,4.78,-6.12,0,,801
802,,Nathan Kimsey,40,0.12,4.77,-0.5,4.02,,802
803,796,Brandon Crick,51,0.12,6.07,-6.19,3.08,,803
804,798,Lukas Euler,40,0.12,4.75,-0.94,3.41,,804
805,747,Andrea Pavan,51,0.12,6.05,-30.66,0,,805
806,799,Luca Galliano,40,0.12,4.72,-0.7,4.53,,806
806,801,Jacob Bergeron,40,0.12,4.72,-0.98,2.1,,806
808,796,Benjamin Henry Poke,52,0.12,6.12,-6.8,3.65,,808
809,789,Naoki Sekito,40,0.12,4.69,-12.99,0,,809
810,802,Chase Johnson,40,0.12,4.65,-3.76,0,,810
811,806,Akshay Bhatia,40,0.12,4.64,-1.56,2.93,,811
812,804,Michael Palmer,40,0.12,4.63,-3.92,3.6,,812
812,803,Trevor Fisher Jr,40,0.12,4.63,-4.63,3.89,,812
814,799,Lucas Bjerregaard,51,0.12,5.89,-20.27,4.32,,814
815,807,Estiaan Conradie,40,0.12,4.62,-2.91,4,,815
816,810,Yuta Kinoshita,40,0.12,4.61,-1.85,3.33,,816
817,792,Robin Roussel,50,0.11,5.74,-17,0,,817
818,814,Marc Hammer,40,0.11,4.57,-1.57,2.4,,818
818,810,Alexandre Rocha,40,0.11,4.58,-4.66,2.1,,818
820,809,David Dixon,40,0.11,4.57,-4.77,0,,820
821,824,Manuel Elvira,40,0.11,4.54,-1.06,3.6,,821
822,805,Shiv Kapur,40,0.11,4.49,-8.33,0,,822
823,815,Jarryd Felton,40,0.11,4.48,-5.88,0,,823
824,819,Pieter Moolman,40,0.11,4.47,-2.5,2.71,,824
825,819,Riki Kawamoto,40,0.11,4.44,-2.6,0,,825
825,825,Ki Sang Lee,40,0.11,4.44,-1.13,4.44,,825
827,812,Chris Stroud,40,0.11,4.41,-14.37,0,,827
828,818,Jarin Todd,40,0.11,4.41,-6.08,0,,828
829,812,Suteepat Prateeptienchai,40,0.11,4.4,-9.15,0,,829
829,816,Keith Horne,42,0.11,4.61,-7.87,0,,829
831,826,Jonathan Agren,40,0.11,4.39,-1.97,4,,831
831,822,Luke Brown,40,0.11,4.39,-1.71,4.56,,831
833,821,Thaworn Wiratchant,40,0.11,4.38,-2.92,1.22,,833
834,827,Yoshikazu Haku,40,0.11,4.36,-4.3,3.57,,834
835,831,Therion Ne,40,0.11,4.31,-0.49,4.8,,835
836,829,Jordi Garcia del Mora,40,0.11,4.31,-2.97,0,,836
837,833,Rick Lamb,40,0.11,4.29,-2.17,2.75,,837
838,,Jeremy Paul,40,0.11,4.28,-0.97,4.02,,838
839,817,Toshinori Muto,40,0.11,4.27,-10.72,0,,839
840,835,Ben Silverman,43,0.11,4.57,-4.2,3.67,,840
841,834,Vitor Lopes,40,0.11,4.25,-1.67,2.4,,841
842,838,Joe Brooks,40,0.11,4.23,,4.23,,842
843,832,Miguel Angel Jiménez,40,0.11,4.22,-4.17,1.2,,843
844,836,David Langley,40,0.11,4.21,-1.88,2.4,,844
845,843,Nicolai Kristensen,40,0.11,4.21,-3.06,3.84,,845
846,822,D.J. Trahan,49,0.1,5.13,-9.43,1.34,,846
847,829,Miguel Tabuena,40,0.1,4.19,-9.46,0,,847
847,837,Nathan Barbieri,40,0.1,4.18,-1.22,4.01,,847
849,840,Pierre Pineau,40,0.1,4.17,-1.14,4.4,,849
850,838,Federico MacCario,41,0.1,4.25,-4.46,2.28,,850
851,848,Matt Oshrine,40,0.1,4.13,,4.13,,851
852,845,Dongmin Kim,40,0.1,4.11,-0.99,3.07,,852
853,848,Scott Fernandez,44,0.1,4.5,-2.29,2.71,,853
854,842,Hyung-seok Seo,40,0.1,4.08,-6.72,4.09,,854
855,841,Andres Gallegos,40,0.1,4.08,-4.78,0,,855
856,846,Berry Henson,40,0.1,4.07,-4.35,2.78,,856
857,850,Xavier Poncelet,40,0.1,4.07,-2.28,4,,857
857,847,Whee Kim,52,0.1,5.29,-3.12,1.4,,857
859,852,Tobias Eden,40,0.1,4.06,-0.55,4,,859
860,843,Greg Chalmers,40,0.1,4.06,-3.64,1.34,,860
861,850,Benedict Staben,40,0.1,4.05,-1.08,3.73,,861
861,870,Brett Stegmaier,43,0.1,4.35,-1.21,4.35,,861
863,854,Ryo Katsumata,40,0.1,4.03,-0.52,3.13,,863
864,856,Conor O'Neil,40,0.1,4.02,-1.45,4,,864
864,852,Chris Wood,40,0.1,4.02,-0.78,4.05,,864
864,857,Franck Medale,40,0.1,4.02,-0.55,4,,864
867,860,Niclas Hellberg,40,0.1,4,,4,,867
867,860,Jack Yule,40,0.1,4,,4,,867
867,860,Simon Thornton,40,0.1,4,,4,,867
867,860,Elis Svärd,40,0.1,4,,4,,867
867,860,Akihiro Narutomi,40,0.1,4,,4,,867
867,860,Jack Hawksby,40,0.1,4,,4,,867
867,860,Stephen Shephard,40,0.1,4,,4,,867
867,860,Petr Valasek,40,0.1,4,,4,,867
875,,Camilo Aguado,40,0.1,3.97,-3.48,1.2,,875
876,869,Brian Carlson,40,0.1,3.97,-2.04,2.99,,876
877,855,Jordan Wrisdale,43,0.1,4.25,-3.36,1.21,,877
878,860,KK Limbhasut,40,0.1,3.94,-1.98,1.56,,878
879,875,Brady Schnell,49,0.1,4.82,-2.23,4.07,,879
879,858,Jorge Fernández Valdés,40,0.1,3.93,-2.63,2.4,,879
881,870,Luca Cianchetti,40,0.1,3.91,-1.22,4,,881
881,870,Shingo Ito,40,0.1,3.91,-0.09,4,,881
881,870,Gian-Marco Petrozzi,40,0.1,3.91,-0.53,4,,881
884,878,Merrick Bremner,42,0.1,4.09,-6.85,0,,884
884,880,Dodge Kemmer,40,0.1,3.9,,3.9,,884
884,859,Sebastian Cappelen,52,0.1,5.07,-13.17,0,,884
887,,Pontus Nyholm,40,0.1,3.89,,3.89,,887
888,877,Ales Korinek,40,0.1,3.89,-1.57,1.8,,888
889,874,Jens Fahrbring,40,0.1,3.87,-2.82,0,,889
890,886,Luke Schniederjans,40,0.1,3.86,,3.86,,890
891,880,Konosuke Nakazato,40,0.1,3.84,-2.63,3.55,,891
892,880,Matthew Millar,40,0.1,3.82,-3.43,3.1,,892
892,,Khalin Joshi,40,0.1,3.82,-1.94,1.4,,892
894,884,Victor Vayret,40,0.1,3.82,-2.24,1.73,,894
895,885,Hyun-woo Ryu,40,0.1,3.81,-5.05,3.95,,895
896,891,Erik Compton,41,0.1,3.9,-4.58,3.13,,896
897,894,Lee Slattery,43,0.1,4.09,-4.19,3.76,,897
898,889,Hideto Kobukuro,40,0.09,3.78,-1.46,1.24,,898
898,883,Alejandro Tosti,40,0.09,3.78,-3.95,0,,898
900,888,Shae Wools-Cobb,40,0.09,3.77,-2.08,2.89,,900
901,896,Carter Jenkins,40,0.09,3.77,-0.48,3.66,,901
902,892,Jonathan Byrd,40,0.09,3.76,-7.44,1.56,,902
902,892,James Anstiss,40,0.09,3.76,-1.8,3.5,,902
904,901,Giovanni Manzoni,40,0.09,3.74,,3.74,,904
905,878,Brendan Jones,40,0.09,3.73,-13.69,0,,905
906,889,Jason Smith,40,0.09,3.72,-3.33,3.33,,906
907,897,Leandro Marelli,40,0.09,3.69,-4.73,1.8,,907
907,900,Jacobo Pastor Lopez,40,0.09,3.69,-1.61,1.3,,907
907,895,MJ Daffue,40,0.09,3.69,-3.55,0,,907
910,907,Zander Lui Rivas,40,0.09,3.67,,3.67,,910
911,902,Filippo Bergamaschi,40,0.09,3.66,-1.62,2.92,,911
912,904,Ayumi Kawamitsu,40,0.09,3.65,-0.35,4,,912
913,905,Yasunobu Fukunaga,40,0.09,3.65,-0.3,3.95,,913
914,899,Jarand Ekeland Arnoy,40,0.09,3.64,-4.57,0,,914
915,906,William Nygard(Am),40,0.09,3.62,-1.58,3.33,,915
915,911,Zihao Chen,40,0.09,3.62,-0.06,3.68,,915
915,914,Joel Girrbach,40,0.09,3.62,-0.1,3.62,,915
918,898,Denzel Ieremia,40,0.09,3.62,-6.65,0,,918
918,912,Oscar Fraustro,40,0.09,3.62,-1.05,3.6,,918
920,912,Hiroki Abe,40,0.09,3.61,-0.02,3.64,,920
921,909,Dong Su,40,0.09,3.61,-0.61,2.6,,921
922,921,Joseph Harrison,40,0.09,3.6,,3.6,,922
922,921,Gustav Adell,40,0.09,3.6,-2.13,3.6,,922
922,921,Paul Imondi,40,0.09,3.6,-0.97,3.6,,922
922,921,Joey Savoie,40,0.09,3.6,,3.6,,922
922,921,A.J. Crouch,40,0.09,3.6,,3.6,,922
927,908,Riekus Nortje,40,0.09,3.59,-1.74,3.53,,927
927,919,Jeremy Gandon,40,0.09,3.59,-0.04,3.63,,927
929,927,Taikou Nishiyama,40,0.09,3.58,-0.07,3.65,,929
930,914,Madalitso Muthiya,40,0.09,3.57,-1.44,3.5,,930
930,929,Harry Goddar,40,0.09,3.57,-0.03,3.6,,930
932,910,Greg Yates,50,0.09,4.46,-4.42,3.03,,932
932,930,James Nicholas,40,0.09,3.57,-0.54,2.78,,932
932,914,Brendon Doyle,40,0.09,3.57,-1.63,0,,932
935,919,Paul Margolis,40,0.09,3.57,-0.43,4,,935
936,931,Taisei Yamada,40,0.09,3.56,-0.68,2.4,,936
937,933,Aguri Iwasaki,40,0.09,3.55,-0.05,3.6,,937
938,927,Andy Ogletree,40,0.09,3.54,-1.65,0,,938
939,937,Jannik De Bruyn,40,0.09,3.53,-0.59,3,,939
940,917,Philip Eriksson,43,0.09,3.78,-7.86,0,,940
941,935,Bernhard Langer,40,0.09,3.5,-2.35,0,,941
942,931,Raphael De Sousa,40,0.09,3.5,-1.78,3.42,,942
943,939,Gabriel Axell,40,0.09,3.49,-1.96,2.19,,943
943,935,Scott Gregory,40,0.09,3.49,-2.65,0,,943
943,903,Kwanchai Tannin,40,0.09,3.49,-10.41,1.73,,943
943,940,Erhard Lambrechts,40,0.09,3.49,-0.71,4.2,,943
947,934,Sungyeol Kwon,40,0.09,3.47,-3.79,0,,947
947,921,Tae-woo KIM,40,0.09,3.47,-4.62,0,,947
949,947,Jonathan Randolph,48,0.09,4.14,-5.59,2.44,,949
950,918,Liam Johnston,46,0.09,3.94,-5.58,1.22,,950
950,950,Gregorio De Leo,40,0.09,3.43,-0.17,3.6,,950
952,955,Tain Lee,40,0.09,3.42,,3.42,,952
953,944,Chip McDaniel,48,0.09,4.1,-4.91,1.31,,953
954,942,Oliver Lindell,40,0.09,3.41,-4.51,0,,954
955,941,Danny Masrin,40,0.09,3.4,-5.61,0,,955
956,961,Sebastian Eidaether Syr,40,0.08,3.39,,3.39,,956
957,952,Julián Etulain,52,0.08,4.4,-4.58,1.82,,957
958,956,Daiki Imano,40,0.08,3.37,-1.93,2.08,,958
959,958,Cheng Peicheng,40,0.08,3.37,-0.23,3.6,,959
960,950,Seung-Yul Noh,40,0.08,3.35,-3.25,0,,960
961,960,Max Rottluff,40,0.08,3.35,-3.2,1.2,,961
961,952,Jeppe Huldahl,40,0.08,3.35,-3.13,0,,961
961,946,Ryan Ruffels,48,0.08,4.02,-7.25,0,,961
964,948,Samuel Del Val,40,0.08,3.35,-4.19,1.68,,964
965,962,Austin Bautista,40,0.08,3.33,-0.32,3.65,,965
966,959,Jean Bekirian,40,0.08,3.32,-3.61,0,,966
967,957,Settee Prakongvech,40,0.08,3.3,-4.92,2.8,,967
968,945,Ajeetesh Sandhu,40,0.08,3.3,-8.71,0,,968
969,964,Zach Murray,40,0.08,3.27,-6.3,1.23,,969
970,969,Netipong Sritonginn,40,0.08,3.26,-1.26,3.33,,970
970,966,Ratchapol Juntavara,40,0.08,3.26,-3.13,0,,970
972,963,Daniel Summerhays,40,0.08,3.26,-3.83,0,,972
972,964,Roberto Castro,40,0.08,3.26,-5.01,1.74,,972
974,968,Poom Saksansin,40,0.08,3.24,-5.9,1.5,,974
975,954,Andres Romero,40,0.08,3.23,-7.67,1.21,,975
976,974,Lee Jung-hwan,40,0.08,3.23,-0.57,3.25,,976
977,972,Charlie Dann,40,0.08,3.22,-1.02,3.6,,977
978,980,Sean Lawrie,40,0.08,3.2,,3.2,,978
979,,Kyle McClatchie,40,0.08,3.18,-1.52,1.2,,979
979,969,Ruan Conradie,41,0.08,3.26,-5.26,1.2,,979
981,982,Spencer Levin,40,0.08,3.17,-0.47,2.5,,981
982,985,Jesper Hagborg Asp,40,0.08,3.16,-0.04,3.2,,982
983,978,Toru Taniguchi,40,0.08,3.15,-1.89,1.27,,983
984,979,Pawin Ingkhapradit,40,0.08,3.15,-1.86,0,,984
984,943,Zack Sucher,48,0.08,3.78,-19.22,2.03,,984
986,981,Trace Crowe,40,0.08,3.14,-1.6,0,,986
987,971,Enrico Di Nitto,42,0.08,3.3,-5.83,0,,987
988,976,James Du Preez,40,0.08,3.12,-3.19,1.41,,988
989,975,Y.E. Yang,40,0.08,3.11,-7.42,0,,989
990,967,Shawn Stefani,43,0.08,3.34,-9.45,1.49,,990
991,982,Keisuke Otawa,40,0.08,3.1,-3.21,0,,991
992,990,David Borda,40,0.08,3.1,-0.97,2.96,,992
993,993,Leonard Bem,40,0.08,3.09,-1.14,2.4,,993
993,992,Yuto Katsuragawa,40,0.08,3.09,-1.36,1.6,,993
995,988,Charlie Lindh(Am),40,0.08,3.09,-2.65,1.2,,995
995,977,Darren Beck,40,0.08,3.09,-5.07,0,,995
997,993,Tom Gandy,40,0.08,3.08,-0.53,3,,997
998,984,Brett Rankin,40,0.08,3.05,-4.06,1.61,,998
